Iteration,Iter Time (s)
1,1.3392
2,0.8205
3,0.8198
4,0.8071
5,0.8166
6,0.8075
7,0.8216
8,0.8191
9,0.8274
10,0.8198
11,0.8379
12,0.8347
13,0.8371
14,0.8314
15,0.8315
16,0.8418
17,0.8451
18,0.8435
19,0.8411
20,0.8414
21,0.8348
22,0.8278
23,0.8295
24,0.8265
25,0.8267
26,0.8262
27,0.8270
28,0.8261
29,0.8251
30,0.8255
31,0.8303
32,0.8271
33,0.8257
34,0.8260
35,0.8266
36,0.8259
37,0.8262
38,0.8263
39,0.8277
40,0.8257
41,0.8329
42,0.8268
43,0.8258
44,0.8261
45,0.8260
46,0.8265
47,0.8266
48,0.8263
49,0.8269
50,0.8256
51,0.8295
52,0.8247
53,0.8231
54,0.8244
55,0.8235
56,0.8243
57,0.8258
58,0.8253
59,0.8260
60,0.8282
61,0.8274
62,0.8273
63,0.8237
64,0.8253
65,0.8259
66,0.8266
67,0.8269
68,0.8253
69,0.8261
70,0.8265
71,0.8291
72,0.8259
73,0.8265
74,0.8266
75,0.8270
76,0.8267
77,0.8261
78,0.8268
79,0.8272
80,0.8272
81,0.8284
82,0.8276
83,0.8255
84,0.8259
85,0.8253
86,0.8262
87,0.8261
88,0.8254
89,0.8262
90,0.8265
91,0.8285
92,0.8270
93,0.8288
94,0.8258
95,0.8270
96,0.8260
97,0.8267
98,0.8263
99,0.8251
100,0.8265
101,0.8282
102,0.8244
103,0.8241
104,0.8246
105,0.8241
106,0.8245
107,0.8240
108,0.8231
109,0.8242
110,0.8264
111,0.8268
112,0.8251
113,0.8267
114,0.8247
115,0.8245
116,0.8259
117,0.8241
118,0.8261
119,0.8255
120,0.8247
121,0.8280
122,0.8269
123,0.8256
124,0.8256
125,0.8257
126,0.8259
127,0.8254
128,0.8255
129,0.8262
130,0.8247
131,0.8283
132,0.8272
133,0.8259
134,0.8259
135,0.8262
136,0.8260
137,0.8259
138,0.8267
139,0.8268
140,0.8249
141,0.8311
142,0.8276
143,0.8235
144,0.8245
145,0.8264
146,0.8259
147,0.8249
148,0.8246
149,0.8253
150,0.8256
151,0.8269
152,0.8264
153,0.8264
154,0.8251
155,0.8238
156,0.8251
157,0.8224
158,0.8235
159,0.6258
160,0.6265
161,0.6328
162,0.6289
163,0.6266
164,0.6280
165,0.6292
166,0.6265
167,0.6304
168,0.6273
169,0.6318
170,0.6272
171,0.6268
172,0.6286
173,0.6281
174,0.6281
175,0.6277
176,0.6276
177,0.6282
178,0.6270
179,0.6297
180,0.6279
181,0.6318
182,0.6275
183,0.6269
184,0.6283
185,0.6276
186,0.6281
187,0.6280
188,0.6304
189,0.6305
190,0.6324
191,0.6310
192,0.6266
193,0.6292
194,0.6334
195,0.6288
196,0.6318
197,0.6328
198,0.6312
199,0.6301
200,0.6304
201,0.6337
202,0.6267
203,0.6277
204,0.6265
205,0.6260
206,0.6264
207,0.6254
208,0.6264
209,0.6273
210,0.6263
211,0.6305
212,0.6263
213,0.6266
214,0.6267
215,0.6264
216,0.6272
217,0.6264
218,0.6296
219,0.6297
220,0.6279
221,0.6312
222,0.6265
223,0.6275
224,0.6283
225,0.6284
226,0.6272
227,0.6276
228,0.6281
229,0.6284
230,0.6279
231,0.6316
232,0.6264
233,0.6261
234,0.6257
235,0.6262
236,0.6262
237,0.6260
238,0.6262
239,0.6262
240,0.6265
241,0.6308
242,0.6255
243,0.6256
244,0.6263
245,0.6265
246,0.6266
247,0.6269
248,0.6266
249,0.6285
250,0.6265
251,0.6323
252,0.6264
253,0.6262
254,0.6308
255,0.6293
256,0.6289
257,0.6297
258,0.6270
259,0.6274
260,0.6270
261,0.6323
262,0.6282
263,0.6273
264,0.6286
265,0.6277
266,0.6274
267,0.6270
268,0.6269
269,0.6285
270,0.6278
271,0.6316
272,0.6277
273,0.6272
274,0.6273
275,0.6269
276,0.6276
277,0.6281
278,0.6271
279,0.6271
280,0.6270
281,0.6335
282,0.6258
283,0.6274
284,0.6261
285,0.6255
286,0.6265
287,0.6262
288,0.6259
289,0.6285
290,0.6259
291,0.6359
292,0.6261
293,0.6259
294,0.6264
295,0.6256
296,0.6257
297,0.6268
298,0.6258
299,0.6276
300,0.6267
301,0.6315
302,0.6267
303,0.6264
304,0.6263
305,0.6281
306,0.6261
307,0.6267
308,0.6265
309,0.6269
310,0.6271
311,0.6312
312,0.6271
313,0.6268
314,0.6286
315,0.6272
316,0.5788
317,0.4289
318,0.4309
319,0.4296
320,0.4313
321,0.4352
322,0.4298
323,0.4289
324,0.4309
325,0.4288
326,0.4313
327,0.4313
328,0.4287
329,0.4286
330,0.4299
331,0.4329
332,0.4283
333,0.4290
334,0.4284
335,0.4293
336,0.4282
337,0.4286
338,0.4283
339,0.4292
340,0.4284
341,0.4342
342,0.4284
343,0.4301
344,0.4286
345,0.4291
346,0.4311
347,0.4294
348,0.4296
349,0.4289
350,0.4289
351,0.4366
352,0.4318
353,0.4359
354,0.4308
355,0.4320
356,0.4322
357,0.4322
358,0.4348
359,0.4335
360,0.4324
361,0.4350
362,0.4295
363,0.4300
364,0.4303
365,0.4304
366,0.4293
367,0.4296
368,0.4297
369,0.4306
370,0.4295
371,0.4394
372,0.4312
373,0.4281
374,0.4293
375,0.4285
376,0.4307
377,0.4297
378,0.4282
379,0.4324
380,0.4291
381,0.4340
382,0.4328
383,0.4319
384,0.4328
385,0.4319
386,0.4329
387,0.4322
388,0.4355
389,0.4321
390,0.4337
391,0.4360
392,0.4301
393,0.4308
394,0.4290
395,0.4311
396,0.4312
397,0.4313
398,0.4296
399,0.4285
400,0.4293
401,0.4346
402,0.4304
403,0.4292
404,0.4292
405,0.4300
406,0.4300
407,0.4296
408,0.4315
409,0.4298
410,0.4293
411,0.4351
412,0.4274
413,0.4313
414,0.4292
415,0.4290
416,0.4299
417,0.4317
418,0.4292
419,0.4312
420,0.4291
421,0.4385
422,0.4279
423,0.4302
424,0.4276
425,0.4303
426,0.4299
427,0.4287
428,0.4288
429,0.4295
430,0.4326
431,0.4339
432,0.4278
433,0.4311
434,0.4292
435,0.4290
436,0.4294
437,0.4285
438,0.4293
439,0.4294
440,0.4305
441,0.4385
442,0.4290
443,0.4291
444,0.4293
445,0.4310
446,0.4301
447,0.4298
448,0.4324
449,0.4305
450,0.4297
451,0.4351
452,0.4286
453,0.4310
454,0.4291
455,0.4303
456,0.4290
457,0.4295
458,0.4303
459,0.4294
460,0.4292
461,0.4350
462,0.4280
463,0.4281
464,0.4285
465,0.4280
466,0.4285
467,0.4290
468,0.4288
469,0.4279
470,0.4285
471,0.4337
472,0.4276
473,0.4279
474,0.3789
475,0.2322
476,0.2447
477,0.2553
478,0.2647
479,0.2684
480,0.2743
481,0.2422
482,0.2425
483,0.2602
484,0.2678
485,0.2655
486,0.2661
487,0.2657
488,0.2659
489,0.2555
490,0.2616
491,0.2403
492,0.2417
493,0.2612
494,0.2719
495,0.2715
496,0.2695
497,0.2688
498,0.2704
499,0.2714
500,0.2762
501,0.2404
502,0.2423
503,0.2605
504,0.2744
505,0.2692
506,0.2665
507,0.2696
508,0.2724
509,0.2700
510,0.2698
511,0.2436
512,0.2435
513,0.2671
514,0.2705
515,0.2768
516,0.2670
517,0.2658
518,0.2668
519,0.2753
520,0.2654
521,0.2399
522,0.2427
523,0.2601
524,0.2652
525,0.2640
526,0.2645
527,0.2674
528,0.2720
529,0.2701
530,0.2683
531,0.2417
532,0.2394
533,0.2457
534,0.2581
535,0.2500
536,0.2723
537,0.2757
538,0.2706
539,0.2569
540,0.2438
541,0.2422
542,0.2427
543,0.2636
544,0.2703
545,0.2676
546,0.2756
547,0.2775
548,0.2774
549,0.2753
550,0.2741
551,0.2446
552,0.2460
553,0.2688
554,0.2717
555,0.2685
556,0.2542
557,0.2714
558,0.2603
559,0.2620
560,0.2655
561,0.2417
562,0.2667
563,0.2589
564,0.2515
565,0.2548
566,0.2575
567,0.2606
568,0.2656
569,0.2688
570,0.2685
571,0.2407
572,0.2443
573,0.2655
574,0.2687
575,0.2710
576,0.2707
577,0.2749
578,0.2781
579,0.2768
580,0.2854
581,0.2423
582,0.2453
583,0.2662
584,0.2717
585,0.2709
586,0.2711
587,0.2752
588,0.2755
589,0.2839
590,0.2801
591,0.2393
592,0.2428
593,0.2644
594,0.2697
595,0.2768
596,0.2698
597,0.2678
598,0.2677
599,0.2658
600,0.2651
601,0.2356
602,0.2301
603,0.2376
604,0.2404
605,0.2437
606,0.2422
607,0.2399
608,0.2403
609,0.2405
610,0.2390
611,0.2393
612,0.2417
613,0.2598
614,0.2664
615,0.2730
616,0.2709
617,0.2748
618,0.2656
619,0.2658
620,0.2720
621,0.2403
622,0.2410
623,0.2615
624,0.2692
625,0.2742
626,0.2706
627,0.2752
628,0.2799
629,0.2875
630,0.2773
631,0.2412
632,0.4372
633,0.4230
634,0.4219
635,0.4227
636,0.4226
637,0.4229
638,0.4222
639,0.4339
640,0.4230
641,0.4201
642,0.4251
643,0.4228
644,0.4234
645,0.4225
646,0.4235
647,0.4241
648,0.4244
649,0.4241
650,0.4239
651,0.4189
652,0.4215
653,0.4213
654,0.4219
655,0.4228
656,0.4220
657,0.4239
658,0.4219
659,0.4228
660,0.4237
661,0.4193
662,0.4254
663,0.4230
664,0.4230
665,0.4224
666,0.4240
667,0.4222
668,0.4224
669,0.4222
670,0.4224
671,0.4194
672,0.4223
673,0.4229
674,0.4221
675,0.4231
676,0.4228
677,0.4250
678,0.4250
679,0.4230
680,0.4226
681,0.4205
682,0.4231
683,0.4232
684,0.4233
685,0.4243
686,0.4228
687,0.4233
688,0.4229
689,0.4226
690,0.4227
691,0.4190
692,0.4220
693,0.4217
694,0.4216
695,0.4221
696,0.4222
697,0.4222
698,0.4223
699,0.4240
700,0.4225
701,0.4195
702,0.4227
703,0.4215
704,0.4215
705,0.4224
706,0.4224
707,0.4240
708,0.4219
709,0.4223
710,0.4225
711,0.4193
712,0.4235
713,0.4234
714,0.4222
715,0.4228
716,0.4230
717,0.4223
718,0.4234
719,0.4228
720,0.4224
721,0.4205
722,0.4234
723,0.4232
724,0.4225
725,0.4244
726,0.4229
727,0.4236
728,0.4237
729,0.4232
730,0.4227
731,0.4206
732,0.4226
733,0.4250
734,0.4232
735,0.4230
736,0.4232
737,0.4229
738,0.4231
739,0.4231
740,0.4235
741,0.4194
742,0.4225
743,0.4226
744,0.4223
745,0.4224
746,0.4238
747,0.4225
748,0.4239
749,0.4249
750,0.4223
751,0.4195
752,0.4235
753,0.4230
754,0.4223
755,0.4227
756,0.4224
757,0.4224
758,0.4234
759,0.4234
760,0.4226
761,0.4210
762,0.4244
763,0.4226
764,0.4240
765,0.4238
766,0.4236
767,0.4220
768,0.4234
769,0.4247
770,0.4225
771,0.4200
772,0.4225
773,0.4108
774,0.4217
775,0.4226
776,0.4224
777,0.4217
778,0.4217
779,0.4216
780,0.4221
781,0.4199
782,0.4240
783,0.4214
784,0.4222
785,0.4240
786,0.4217
787,0.4226
788,0.4224
789,0.4224
790,0.3259
791,0.3180
792,0.3212
793,0.3209
794,0.3205
795,0.3207
796,0.3215
797,0.3211
798,0.3211
799,0.3211
800,0.3211
801,0.3199
802,0.3217
803,0.3213
804,0.3223
805,0.3217
806,0.3219
807,0.3212
808,0.3227
809,0.3219
810,0.3213
811,0.3194
812,0.3216
813,0.3216
814,0.3219
815,0.3212
816,0.3212
817,0.3220
818,0.3215
819,0.3220
820,0.3241
821,0.3194
822,0.3217
823,0.3216
824,0.3216
825,0.3214
826,0.3219
827,0.3227
828,0.3221
829,0.3218
830,0.3224
831,0.3188
832,0.3210
833,0.3237
834,0.3209
835,0.3226
836,0.3210
837,0.3212
838,0.3207
839,0.3218
840,0.3218
841,0.3194
842,0.3213
843,0.3211
844,0.3213
845,0.3212
846,0.3221
847,0.3211
848,0.3215
849,0.3239
850,0.3213
851,0.3203
852,0.3229
853,0.3233
854,0.3262
855,0.3235
856,0.3232
857,0.3238
858,0.3212
859,0.3231
860,0.3230
861,0.3197
862,0.3217
863,0.3254
864,0.3210
865,0.3214
866,0.3222
867,0.3212
868,0.3227
869,0.3233
870,0.3235
871,0.3194
872,0.3215
873,0.3223
874,0.3211
875,0.3214
876,0.3205
877,0.3211
878,0.3213
879,0.3212
880,0.3210
881,0.3190
882,0.3255
883,0.3214
884,0.3226
885,0.3214
886,0.3213
887,0.3208
888,0.3217
889,0.3238
890,0.3209
891,0.3202
892,0.3214
893,0.3213
894,0.3208
895,0.3210
896,0.3216
897,0.3226
898,0.3207
899,0.3218
900,0.3223
901,0.3196
902,0.3222
903,0.3221
904,0.3218
905,0.3209
906,0.3216
907,0.3222
908,0.3213
909,0.3227
910,0.3212
911,0.3200
912,0.3222
913,0.3216
914,0.3224
915,0.3216
916,0.3213
917,0.3219
918,0.3220
919,0.3217
920,0.3219
921,0.3186
922,0.3231
923,0.3212
924,0.3244
925,0.3208
926,0.3218
927,0.3210
928,0.3232
929,0.3212
930,0.3217
931,0.3195
932,0.3216
933,0.3217
934,0.3217
935,0.3219
936,0.3216
937,0.3214
938,0.3215
939,0.3214
940,0.3221
941,0.3198
942,0.3239
943,0.3211
944,0.3223
945,0.3215
946,0.3249
947,0.3210
948,0.2267
949,0.2214
950,0.2217
951,0.2196
952,0.2205
953,0.2232
954,0.2212
955,0.2217
956,0.2207
957,0.2209
958,0.2204
959,0.2209
960,0.2209
961,0.2190
962,0.2229
963,0.2226
964,0.2209
965,0.2217
966,0.2205
967,0.2213
968,0.2231
969,0.2212
970,0.2211
971,0.2190
972,0.2198
973,0.2210
974,0.2212
975,0.2215
976,0.2212
977,0.2203
978,0.2218
979,0.2203
980,0.2236
981,0.2201
982,0.2206
983,0.2215
984,0.2211
985,0.2210
986,0.2211
987,0.2210
988,0.2214
989,0.2210
990,0.2211
991,0.2200
992,0.2207
993,0.2208
994,0.2224
995,0.2212
996,0.2227
997,0.2230
998,0.2214
999,0.2218
1000,0.2219
1001,0.2189
1002,0.2211
1003,0.2217
1004,0.2232
1005,0.2218
1006,0.2212
1007,0.2234
1008,0.2212
1009,0.2216
1010,0.2217
1011,0.2191
1012,0.2213
1013,0.2213
1014,0.2229
1015,0.2211
1016,0.2214
1017,0.2213
1018,0.2209
1019,0.2213
1020,0.2222
1021,0.2189
1022,0.2205
1023,0.2218
1024,0.2230
1025,0.2213
1026,0.2213
1027,0.2209
1028,0.2212
1029,0.2213
1030,0.2211
1031,0.2216
1032,0.2228
1033,0.2214
1034,0.2210
1035,0.2204
1036,0.2214
1037,0.2207
1038,0.2215
1039,0.2212
1040,0.2214
1041,0.2188
1042,0.2210
1043,0.2215
1044,0.2215
1045,0.2215
1046,0.2216
1047,0.2218
1048,0.2217
1049,0.2228
1050,0.2217
1051,0.2189
1052,0.2217
1053,0.2209
1054,0.2215
1055,0.2211
1056,0.2211
1057,0.2211
1058,0.2210
1059,0.2232
1060,0.2213
1061,0.2192
1062,0.2216
1063,0.2206
1064,0.2209
1065,0.2220
1066,0.2213
1067,0.2216
1068,0.2219
1069,0.2208
1070,0.2220
1071,0.2214
1072,0.2210
1073,0.2233
1074,0.2207
1075,0.2214
1076,0.2217
1077,0.2212
1078,0.2210
1079,0.2212
1080,0.2211
1081,0.2199
1082,0.2211
1083,0.2206
1084,0.2242
1085,0.2210
1086,0.2220
1087,0.2219
1088,0.2214
1089,0.2218
1090,0.2231
1091,0.2193
1092,0.2211
1093,0.2211
1094,0.2215
1095,0.2212
1096,0.2229
1097,0.2215
1098,0.2235
1099,0.2238
1100,0.2230
1101,0.2191
1102,0.2209
1103,0.2212
1104,0.2209
1105,0.2213
1106,0.1247
1107,0.1242
1108,0.1335
1109,0.1384
1110,0.1386
1111,0.1232
1112,0.1278
1113,0.1408
1114,0.1394
1115,0.1427
1116,0.1403
1117,0.1421
1118,0.1424
1119,0.1454
1120,0.1471
1121,0.1258
1122,0.1292
1123,0.1388
1124,0.1397
1125,0.1407
1126,0.1392
1127,0.1425
1128,0.1464
1129,0.1437
1130,0.1418
1131,0.1251
1132,0.1315
1133,0.1401
1134,0.1403
1135,0.1401
1136,0.1397
1137,0.1404
1138,0.1414
1139,0.1423
1140,0.1411
1141,0.1247
1142,0.1281
1143,0.1381
1144,0.1391
1145,0.1390
1146,0.1393
1147,0.1405
1148,0.1408
1149,0.1423
1150,0.1431
1151,0.1231
1152,0.1271
1153,0.1369
1154,0.1417
1155,0.1405
1156,0.1405
1157,0.1446
1158,0.1517
1159,0.1440
1160,0.1463
1161,0.1227
1162,0.1279
1163,0.1398
1164,0.1393
1165,0.1388
1166,0.1462
1167,0.1485
1168,0.1495
1169,0.1479
1170,0.1487
1171,0.1245
1172,0.1277
1173,0.1403
1174,0.1405
1175,0.1402
1176,0.1399
1177,0.1408
1178,0.1348
1179,0.1426
1180,0.1446
1181,0.1233
1182,0.1289
1183,0.1414
1184,0.1406
1185,0.1412
1186,0.1407
1187,0.1417
1188,0.1431
1189,0.1437
1190,0.1413
1191,0.1250
1192,0.1278
1193,0.1391
1194,0.1399
1195,0.1412
1196,0.1407
1197,0.1402
1198,0.1394
1199,0.1396
1200,0.1405
1201,0.1243
1202,0.1270
1203,0.1370
1204,0.1416
1205,0.1425
1206,0.1403
1207,0.1448
1208,0.1425
1209,0.1418
1210,0.1425
1211,0.1234
1212,0.1288
1213,0.1402
1214,0.1399
1215,0.1399
1216,0.1384
1217,0.1392
1218,0.1395
1219,0.1382
1220,0.1373
1221,0.1229
1222,0.1273
1223,0.1371
1224,0.1415
1225,0.1395
1226,0.1389
1227,0.1400
1228,0.1396
1229,0.1392
1230,0.1376
1231,0.1246
1232,0.1286
1233,0.1400
1234,0.1403
1235,0.1406
1236,0.1412
1237,0.1460
1238,0.1456
1239,0.1574
1240,0.1502
1241,0.1220
1242,0.1282
1243,0.1379
1244,0.1401
1245,0.1407
1246,0.1404
1247,0.1402
1248,0.1404
1249,0.1399
1250,0.1393
1251,0.1250
1252,0.1332
1253,0.1444
1254,0.1435
1255,0.1420
1256,0.1419
1257,0.1431
1258,0.1446
1259,0.1531
1260,0.1533
1261,0.1234
1262,0.1287
1263,0.7538
1264,0.8434
1265,0.8295
1266,0.8277
1267,0.8290
1268,0.8281
1269,0.8275
1270,0.8262
1271,0.8296
1272,0.8302
1273,0.8287
1274,0.8274
1275,0.8280
1276,0.8291
1277,0.8315
1278,0.8325
1279,0.8322
1280,0.8282
1281,0.8315
1282,0.8307
1283,0.8278
1284,0.8313
1285,0.8290
1286,0.8315
1287,0.8323
1288,0.8310
1289,0.8286
1290,0.8289
1291,0.8323
1292,0.8289
1293,0.8288
1294,0.8293
1295,0.8287
1296,0.8306
1297,0.8301
1298,0.8272
1299,0.8280
1300,0.8298
1301,0.8332
1302,0.8263
1303,0.8260
1304,0.8274
1305,0.8277
1306,0.8272
1307,0.8271
1308,0.8276
1309,0.8270
1310,0.8279
1311,0.8318
1312,0.8275
1313,0.8272
1314,0.8278
1315,0.8280
1316,0.8300
1317,0.8282
1318,0.8319
1319,0.8318
1320,0.8311
1321,0.8307
1322,0.8281
1323,0.8270
1324,0.8282
1325,0.8286
1326,0.8295
1327,0.8273
1328,0.8290
1329,0.8307
1330,0.8285
1331,0.8322
1332,0.8322
1333,0.8291
1334,0.8306
1335,0.8313
1336,0.8310
1337,0.8316
1338,0.8298
1339,0.8287
1340,0.8279
1341,0.8289
1342,0.8289
1343,0.8342
1344,0.8292
1345,0.8300
1346,0.8285
1347,0.8296
1348,0.8313
1349,0.8325
1350,0.8299
1351,0.8326
1352,0.8282
1353,0.8308
1354,0.8304
1355,0.8294
1356,0.8280
1357,0.8279
1358,0.8292
1359,0.8281
1360,0.8314
1361,0.8296
1362,0.8294
1363,0.8275
1364,0.8277
1365,0.8266
1366,0.8270
1367,0.8271
1368,0.8284
1369,0.8293
1370,0.8286
1371,0.8303
1372,0.8264
1373,0.8270
1374,0.8282
1375,0.8266
1376,0.8278
1377,0.8273
1378,0.8286
1379,0.8280
1380,0.8300
1381,0.8325
1382,0.8290
1383,0.8309
1384,0.8304
1385,0.8302
1386,0.8288
1387,0.8293
1388,0.8294
1389,0.8292
1390,0.8306
1391,0.8304
1392,0.8290
1393,0.8291
1394,0.8283
1395,0.8324
1396,0.8306
1397,0.8288
1398,0.8289
1399,0.8322
1400,0.8289
1401,0.8335
1402,0.8296
1403,0.8309
1404,0.8303
1405,0.8280
1406,0.8290
1407,0.8274
1408,0.8317
1409,0.8288
1410,0.8285
1411,0.8325
1412,0.8297
1413,0.8301
1414,0.8290
1415,0.8292
1416,0.8287
1417,0.8292
1418,0.8319
1419,0.8316
1420,0.8297
1421,0.8332
1422,0.6301
1423,0.6307
1424,0.6351
1425,0.6313
1426,0.6302
1427,0.6304
1428,0.6326
1429,0.6327
1430,0.6342
1431,0.6378
1432,0.6308
1433,0.6313
1434,0.6325
1435,0.6303
1436,0.6311
1437,0.6330
1438,0.6337
1439,0.6315
1440,0.6310
1441,0.6341
1442,0.6320
1443,0.6318
1444,0.6302
1445,0.6330
1446,0.6322
1447,0.6310
1448,0.6321
1449,0.6310
1450,0.6319
1451,0.6382
1452,0.6291
1453,0.6300
1454,0.6298
1455,0.6298
1456,0.6298
1457,0.6315
1458,0.6303
1459,0.6291
1460,0.6302
1461,0.6333
1462,0.6284
1463,0.6287
1464,0.6294
1465,0.6282
1466,0.6307
1467,0.6288
1468,0.6302
1469,0.6285
1470,0.6303
1471,0.6396
1472,0.6286
1473,0.6279
1474,0.6278
1475,0.6282
1476,0.6273
1477,0.6274
1478,0.6301
1479,0.6283
1480,0.6294
1481,0.6383
1482,0.6305
1483,0.6292
1484,0.6289
1485,0.6287
1486,0.6292
1487,0.6291
1488,0.6287
1489,0.6281
1490,0.6283
1491,0.6353
1492,0.6278
1493,0.6275
1494,0.6286
1495,0.6277
1496,0.6271
1497,0.6273
1498,0.6280
1499,0.6276
1500,0.6279
1501,0.6369
1502,0.6256
1503,0.6263
1504,0.6282
1505,0.6286
1506,0.6279
1507,0.6282
1508,0.6291
1509,0.6289
1510,0.6301
1511,0.6352
1512,0.6272
1513,0.6295
1514,0.6299
1515,0.6288
1516,0.6289
1517,0.6282
1518,0.6277
1519,0.6291
1520,0.6280
1521,0.6362
1522,0.6280
1523,0.6281
1524,0.6280
1525,0.6277
1526,0.6283
1527,0.6279
1528,0.6313
1529,0.6276
1530,0.6282
1531,0.6341
1532,0.6287
1533,0.6289
1534,0.6292
1535,0.6319
1536,0.6291
1537,0.6303
1538,0.6297
1539,0.6292
1540,0.6293
1541,0.6352
1542,0.6274
1543,0.6275
1544,0.6289
1545,0.6277
1546,0.6278
1547,0.6281
1548,0.6276
1549,0.6280
1550,0.6315
1551,0.6355
1552,0.6297
1553,0.6283
1554,0.6295
1555,0.6290
1556,0.6294
1557,0.6303
1558,0.6282
1559,0.6296
1560,0.6328
1561,0.6381
1562,0.6300
1563,0.6275
1564,0.6316
1565,0.6283
1566,0.6290
1567,0.6288
1568,0.6297
1569,0.6284
1570,0.6321
1571,0.6358
1572,0.6278
1573,0.6291
1574,0.6306
1575,0.6293
1576,0.6292
1577,0.6291
1578,0.6293
1579,0.5798
1580,0.4304
1581,0.4421
1582,0.4316
1583,0.4362
1584,0.4332
1585,0.4310
1586,0.4326
1587,0.4316
1588,0.4336
1589,0.4319
1590,0.4315
1591,0.4398
1592,0.4300
1593,0.4337
1594,0.4317
1595,0.4315
1596,0.4327
1597,0.4307
1598,0.4308
1599,0.4311
1600,0.4333
1601,0.4462
1602,0.4320
1603,0.4303
1604,0.4329
1605,0.4312
1606,0.4311
1607,0.4312
1608,0.4326
1609,0.4318
1610,0.4329
1611,0.4399
1612,0.4303
1613,0.4323
1614,0.4314
1615,0.4333
1616,0.4317
1617,0.4312
1618,0.4315
1619,0.4344
1620,0.4319
1621,0.4408
1622,0.4313
1623,0.4305
1624,0.4333
1625,0.4315
1626,0.4325
1627,0.4315
1628,0.4320
1629,0.4353
1630,0.4334
1631,0.4407
1632,0.4309
1633,0.4311
1634,0.4336
1635,0.4318
1636,0.4326
1637,0.4326
1638,0.4355
1639,0.4332
1640,0.4354
1641,0.4415
1642,0.4307
1643,0.4305
1644,0.4307
1645,0.4314
1646,0.4310
1647,0.4311
1648,0.4305
1649,0.4306
1650,0.4318
1651,0.4389
1652,0.4287
1653,0.4302
1654,0.4341
1655,0.4310
1656,0.4306
1657,0.4312
1658,0.4311
1659,0.4305
1660,0.4291
1661,0.4421
1662,0.4314
1663,0.4306
1664,0.4320
1665,0.4320
1666,0.4311
1667,0.4335
1668,0.4315
1669,0.4318
1670,0.4304
1671,0.4433
1672,0.4302
1673,0.4309
1674,0.4305
1675,0.4310
1676,0.4328
1677,0.4301
1678,0.4315
1679,0.4324
1680,0.4329
1681,0.4408
1682,0.4314
1683,0.4315
1684,0.4311
1685,0.4314
1686,0.4311
1687,0.4324
1688,0.4305
1689,0.4329
1690,0.4330
1691,0.4366
1692,0.4299
1693,0.4325
1694,0.4325
1695,0.4307
1696,0.4307
1697,0.4306
1698,0.4350
1699,0.4303
1700,0.4299
1701,0.4389
1702,0.4294
1703,0.4295
1704,0.4294
1705,0.4303
1706,0.4300
1707,0.4301
1708,0.4308
1709,0.4312
1710,0.4305
1711,0.4402
1712,0.4289
1713,0.4303
1714,0.4310
1715,0.4304
1716,0.4329
1717,0.4307
1718,0.4319
1719,0.4325
1720,0.4309
1721,0.4401
1722,0.4335
1723,0.4306
1724,0.4305
1725,0.4329
1726,0.4311
1727,0.4327
1728,0.4308
1729,0.4310
1730,0.4312
1731,0.4406
1732,0.4295
1733,0.4304
1734,0.4304
1735,0.4307
1736,0.4306
1737,0.3843
1738,0.2337
1739,0.2391
1740,0.2547
1741,0.2488
1742,0.2462
1743,0.2655
1744,0.2748
1745,0.2761
1746,0.2743
1747,0.2749
1748,0.2707
1749,0.2691
1750,0.2640
1751,0.2479
1752,0.2445
1753,0.2661
1754,0.2687
1755,0.2677
1756,0.2668
1757,0.2677
1758,0.2664
1759,0.2657
1760,0.2685
1761,0.2450
1762,0.2436
1763,0.2623
1764,0.2685
1765,0.2673
1766,0.2665
1767,0.2686
1768,0.2728
1769,0.2728
1770,0.2760
1771,0.2472
1772,0.2458
1773,0.2684
1774,0.2763
1775,0.2725
1776,0.2762
1777,0.2775
1778,0.2713
1779,0.2740
1780,0.2755
1781,0.2513
1782,0.2443
1783,0.2627
1784,0.2675
1785,0.2698
1786,0.2688
1787,0.2703
1788,0.2700
1789,0.2669
1790,0.2635
1791,0.2470
1792,0.2462
1793,0.2665
1794,0.2693
1795,0.2760
1796,0.2759
1797,0.2717
1798,0.2744
1799,0.2733
1800,0.2760
1801,0.2506
1802,0.2468
1803,0.2694
1804,0.2712
1805,0.2700
1806,0.2716
1807,0.2712
1808,0.2727
1809,0.2787
1810,0.2881
1811,0.2515
1812,0.2452
1813,0.2658
1814,0.2694
1815,0.2697
1816,0.2697
1817,0.2711
1818,0.2722
1819,0.2778
1820,0.2787
1821,0.2501
1822,0.2437
1823,0.2626
1824,0.2777
1825,0.2786
1826,0.2741
1827,0.2777
1828,0.2766
1829,0.2813
1830,0.2843
1831,0.2474
1832,0.2488
1833,0.2651
1834,0.2721
1835,0.2737
1836,0.2762
1837,0.2793
1838,0.2711
1839,0.2709
1840,0.2699
1841,0.2488
1842,0.2446
1843,0.2730
1844,0.2766
1845,0.2734
1846,0.2770
1847,0.2789
1848,0.2712
1849,0.2709
1850,0.2661
1851,0.2465
1852,0.2449
1853,0.2712
1854,0.2704
1855,0.2721
1856,0.2693
1857,0.2720
1858,0.2690
1859,0.2740
1860,0.2689
1861,0.2469
1862,0.2423
1863,0.2651
1864,0.2729
1865,0.2725
1866,0.2725
1867,0.2725
1868,0.2729
1869,0.2728
1870,0.2723
1871,0.2462
1872,0.2440
1873,0.2634
1874,0.2702
1875,0.2749
1876,0.2662
1877,0.2643
1878,0.2676
1879,0.2670
1880,0.2749
1881,0.2478
1882,0.2473
1883,0.2690
1884,0.2703
1885,0.2704
1886,0.2750
1887,0.2751
1888,0.2786
1889,0.2776
1890,0.2731
1891,0.2479
1892,0.2438
1893,0.2666
